article_id,title,article_url,section_count,step_section_count,link_count,categories,headings,source_export,json_file
KB000016368,How do I access the Student Hub?,https://service.northeastern.edu/tech?id=kb_article_view&sysparm_article=KB000016368,2,1,1,IT Services | Administrative and Business | Student Information Systems | Student Hub,Introduction | Access Student Hub,studenthub_kb.json,KB000016368.json
KB000016370,How do I add the Respondus Lockdown and the Respondus Tech Check Quiz module to my Canvas course?,https://service.northeastern.edu/tech?id=kb_article_view&sysparm_article=KB000016370,1,0,1,IT Services | Teaching and Learning Technology - Respondus,Introduction,canvas_kb.json,KB000016370.json
KB000016406,How do I take attendance in Canvas using Qwickly Attendance?,https://service.northeastern.edu/tech?id=kb_article_view&sysparm_article=KB000016406,6,0,7,IT Services | Teaching and Learning Technology - Qwickly,Enable Qwickly attendance in Canvas | Customize Qwickly attendance settings | Take attendance | View attendance record | Customize automatic grading | Additional resources for Qwickly attendance,canvas_kb.json,KB000016406.json
KB000016424,What are the different course types in Canvas?,https://service.northeastern.edu/tech?id=kb_article_view&sysparm_article=KB000016424,1,0,12,IT Services | Teaching and Learning Technology - Canvas - Getting Started,"Table of Contents; Links: Registrar-enrolled shell, Personal sandbox, Course development shell, Manually enrolled course, Self-enrolled course, Blueprint course, Source course. Heading: Registrar-enrolled shell",canvas_kb.json,KB000016424.json
KB000016477,How do I create extra credit options in Canvas?,https://service.northeastern.edu/tech?id=kb_article_view&sysparm_article=KB000016477,12,0,6,Teaching and Learning Technology | Canvas | Assessments and Assignments,Introduction | Add extra points to an existing assignment | Create extra credit within a rubric | Add extra credit within a quiz | Create a bonus question in a quiz | Use extra credit and assignment groups. | Create a new assignment | Add extra points to an existing assignment,canvas_kb.json,KB000016477.json
KB000016536,How do I view and submit an assignment in Canvas?,https://service.northeastern.edu/tech?id=kb_article_view&sysparm_article=KB000016536,9,0,3,IT Services | Teaching and Learning Technology - Canvas - Assessments and Assignments,Introduction | Submit an assignment | Verify submission | Canvas resources for students. | View assignments | Submit an assignment | Canvas resources for students | How do I personalize my Canvas experience?,canvas_kb.json,KB000016536.json
KB000017600,How do I ensure my Canvas course is ready at the start of the term?,https://service.northeastern.edu/tech?id=kb_article_view&sysparm_article=KB000017600,10,0,14,IT Services | Teaching and Learning Technology - Canvas - Getting Started,Introduction | Ensure your course is ready | Introduction | Introduction | Introduction | Introduction | Introduction | Introduction,canvas_kb.json,KB000017600.json
KB000017614,How do I check in using Qwickly Attendance?,https://service.northeastern.edu/tech?id=kb_article_view&sysparm_article=KB000017614,2,0,2,IT Services | Teaching and Learning Technology - Qwickly,Introduction | Check in on Qwickly,canvas_kb.json,KB000017614.json
KB000017643,How do I use the What-If Grades feature on Canvas?,https://service.northeastern.edu/tech?id=kb_article_view&sysparm_article=KB000017643,2,0,2,IT Services | Teaching and Learning Technology | Canvas | Assessments and Assignments,Introduction | Use What-If Grades,canvas_kb.json,KB000017643.json
KB000017757,How do I access Tableau?,https://service.northeastern.edu/tech?id=kb_article_view&sysparm_article=KB000017757,2,0,7,IT Services | Desktop and Mobile Computing - Software and Application Distribution - Statistical and Computational,Introduction | For students,software_kb.json,KB000017757.json
KB000017804,How do I use 7-Zip to encrypt files and folders on Windows?,https://service.northeastern.edu/tech?id=kb_article_view&sysparm_article=KB000017804,1,0,2,IT Services | Desktop and Mobile Computing | Software and Application Distribution | Other Applications,Introduction,software_kb.json,KB000017804.json
KB000017922,"What are the test, exam, and quiz options in Canvas?",https://service.northeastern.edu/tech?id=kb_article_view&sysparm_article=KB000017922,7,0,4,IT Services | Teaching and Learning Technology - Canvas - Assessments and Assignments,Introduction | Assessment tool comparison | Accessibility options | Canvas Integration | Classic Quizzes | Gradescope | New Quizzes,canvas_kb.json,KB000017922.json
KB000017928,How do I set up differentiated due dates in Canvas?,https://service.northeastern.edu/tech?id=kb_article_view&sysparm_article=KB000017928,2,1,1,IT Services | Teaching and Learning Technology | Canvas | Assessments and Assignments,Introduction | Set up differentiated due dates in Canvas,canvas_kb.json,KB000017928.json
KB000017937,FAQ: Solutions for students experiencing technical problems during online exams,https://service.northeastern.edu/tech?id=kb_article_view&sysparm_article=KB000017937,8,0,5,IT Services | Teaching and Learning Technology - Canvas - Assessments and Assignments,Introduction | What actions can I take to prepare my computer before an exam? | How can I prepare my computer before a Respondus exam? | What if my Wi-Fi has a connection issue? | What if the page does not load or the browser freezes in a non-Respondus exam? | What if I cannot restart an exam? | Will my exam auto-submit? | What if I experience a technical issue in a Respondus exam?,canvas_kb.json,KB000017937.json
KB000017951,How do I connect to Northeastern VPN?,https://service.northeastern.edu/tech?id=kb_article_view&sysparm_article=KB000017951,5,3,5,IT Services | Infrastructure - Network and Connectivity Management - Remote Access/VPN,Introduction | Software installation | Initial setup and connection | Connect to Northeastern VPN | Disconnect from Northeastern VPN,vpn_kb.json,KB000017951.json
KB000017955,How do I create and share a question bank for New Quizzes in Canvas?,https://service.northeastern.edu/tech?id=kb_article_view&sysparm_article=KB000017955,2,0,3,IT Services | Teaching and Learning Technology - Canvas - Assessments and Assignments,Introduction | Create and share a question and test bank repository,canvas_kb.json,KB000017955.json
KB000017957,How do I create accessible equations and formulas in Canvas?,https://service.northeastern.edu/tech?id=kb_article_view&sysparm_article=KB000017957,7,0,9,IT Services | Teaching and Learning Technology - Canvas - Assessments and Assignments,Introduction | Who benefits from accessible equations? | Screen reader browser requirements | MathML fonts | Browser requirements | Use the Basic Equation Editor | Directly edit LaTeX,canvas_kb.json,KB000017957.json
KB000018051,How do students access the Turnitin Similarity Report panel in Canvas?,https://service.northeastern.edu/tech?id=kb_article_view&sysparm_article=KB000018051,1,0,1,IT Services | Teaching and Learning Technology - Turnitin,Introduction,canvas_kb.json,KB000018051.json
KB000018071,How do I connect to NUwave on a Mac?,https://service.northeastern.edu/tech?id=kb_article_view&sysparm_article=KB000018071,2,1,0,IT Services | Infrastructure - Network and Connectivity Management - Wireless Networks,Introduction | Connect to NUwave on a Mac,wifi_kb.json,KB000018071.json
KB000018073,How do I use the Canvas Math Equation Editor as a student?,https://service.northeastern.edu/tech?id=kb_article_view&sysparm_article=KB000018073,5,0,8,IT Services | Teaching and Learning Technology - Canvas - Assessments and Assignments,Introduction | Use the Math Equation Editor | Directly edit LaTeX | Accessibility | Help and support,canvas_kb.json,KB000018073.json
KB000018079,What is the NURes-device wireless network?,https://service.northeastern.edu/tech?id=kb_article_view&sysparm_article=KB000018079,4,1,3,IT Services | Infrastructure - Network and Connectivity Management - Wireless Networks,Introduction | Limitations | Access NURes-device | Support,wifi_kb.json,KB000018079.json
KB000018093,What is NUwave?,https://service.northeastern.edu/tech?id=kb_article_view&sysparm_article=KB000018093,3,2,5,IT Services | Infrastructure - Network and Connectivity Management - Wireless Networks,Introduction | Intended audience | Availability,wifi_kb.json,KB000018093.json
KB000018097,How do I forget a wireless network on macOS?,https://service.northeastern.edu/tech?id=kb_article_view&sysparm_article=KB000018097,1,1,0,IT Services | Infrastructure - Network and Connectivity Management - Wireless Networks,Forget a wireless network,wifi_kb.json,KB000018097.json
KB000018098,How do I forget a wireless network on a Windows device?,https://service.northeastern.edu/tech?id=kb_article_view&sysparm_article=KB000018098,2,1,0,IT Services | Infrastructure - Network and Connectivity Management - Wireless Networks,How do I forget a wireless network on a Windows device? | Forget the Wi-Fi network on Windows,wifi_kb.json,KB000018098.json
KB000018114,How do I connect to eduroam?,https://service.northeastern.edu/tech?id=kb_article_view&sysparm_article=KB000018114,6,4,2,IT Services | Infrastructure - Network and Connectivity Management - Wireless Networks,Connect to eduroam | Connect to eduroam on Android | Android 10 (Pie) and earlier | Android 11 (with security update) | Android 12 and newer | Help,wifi_kb.json,KB000018114.json
KB000018189,How do I run Matlab remotely from macOS?,https://service.northeastern.edu/tech?id=kb_article_view&sysparm_article=KB000018189,3,2,0,College of Engineering | Software,Introduction | Run MATLAB remotely from macOS | Troubleshoot MATLAB issues on macOS,software_kb.json,KB000018189.json
KB000018199,What Linux software is available on College of Engineering (COE) systems?,https://service.northeastern.edu/tech?id=kb_article_view&sysparm_article=KB000018199,2,0,2,College of Engineering | Software,Available software | Help,software_kb.json,KB000018199.json
KB000018203,How do I download SOLIDWORKS as a COE student?,https://service.northeastern.edu/tech?id=kb_article_view&sysparm_article=KB000018203,3,1,4,Knowledge Bases | College of Engineering | Software,Introduction | Download SOLIDWORKS from COE | Help,software_kb.json,KB000018203.json
KB000018204,How do I get access to Ansys?,https://service.northeastern.edu/tech?id=kb_article_view&sysparm_article=KB000018204,2,1,1,College of Engineering | Software,Introduction | Download Ansys,software_kb.json,KB000018204.json
KB000018208,FAQ: SOLIDWORKS installation,https://service.northeastern.edu/tech?id=kb_article_view&sysparm_article=KB000018208,4,1,4,College of Engineering | Software,Introduction | What should I do if my SOLIDWORKS Kit installation does not work correctly? | Can I run SOLIDWORKS on macOS or Linux? | How can I access SOLIDWORKS if I cannot install it on my computer?,software_kb.json,KB000018208.json
KB000018214,How do I promote academic integrity using Canvas Classic Quiz?,https://service.northeastern.edu/tech?id=kb_article_view&sysparm_article=KB000018214,5,0,6,IT Services | Teaching and Learning Technology - Canvas - Assessments and Assignments,Introduction | Keys to maintain exam integrity | Customize quiz options | Customize quiz questions | Resources,canvas_kb.json,KB000018214.json
KB000018424,What are Qwickly Course Tools in Canvas?,https://service.northeastern.edu/tech?id=kb_article_view&sysparm_article=KB000018424,3,0,8,IT Services | Teaching and Learning Technology - Qwickly,Summary | Get started | Support and training,canvas_kb.json,KB000018424.json
KB000018442,How do I provide Wi-Fi to conference and event guests?,https://service.northeastern.edu/tech?id=kb_article_view&sysparm_article=KB000018442,5,5,4,IT Services | Infrastructure - Network and Connectivity Management | Wireless Networks - Guest,One-day event/conference attendees | Multi-day event/conference attendees | Conference and event planners - For a one-day event | Conference and event planners - For multi-day events | Additional access,wifi_kb.json,KB000018442.json
KB000018461,How do I use Qwickly Course Tools to email students before publishing my Canvas course?,https://service.northeastern.edu/tech?id=kb_article_view&sysparm_article=KB000018461,4,0,2,IT Services | Teaching and Learning Technology - Canvas - Course Communication,Introduction | Benefits of using Qwickly Course Tools to communicate with students | Limitations of using Qwickly Course Tools to communicate with students | Send email using Qwickly Course Tools,canvas_kb.json,KB000018461.json
KB000018478,What is Wolfram Mathematica?,https://service.northeastern.edu/tech?id=kb_article_view&sysparm_article=KB000018478,1,0,12,IT Services | Desktop and Mobile Computing - Software and Application Distribution - Statistical and Computational,Introduction,software_kb.json,KB000018478.json
KB000018534,How do I update my privacy and visibility profile settings in the Student Hub?,https://service.northeastern.edu/tech?id=kb_article_view&sysparm_article=KB000018534,2,1,1,IT Services | Administrative and Business | Student Information Systems | Student Hub,Introduction | View and change visibility settings,studenthub_kb.json,KB000018534.json
KB000018537,FAQ: Student Hub,https://service.northeastern.edu/tech?id=kb_article_view&sysparm_article=KB000018537,7,0,6,IT Services | Administrative and Business | Student Information Systems | Student Hub,Introduction | About Student Hub | Main | My Profile | Discover | News and Events | Resources,studenthub_kb.json,KB000018537.json
KB000018539,How do I use the Discover page of the Student Hub?,https://service.northeastern.edu/tech?id=kb_article_view&sysparm_article=KB000018539,4,3,2,IT Services | Administrative and Business | Student Information Systems | Student Hub,Introduction | Find student profile | Find student clubs and organizations | Find events,studenthub_kb.json,KB000018539.json
KB000018541,How do I view final exam schedules on Student Hub?,https://service.northeastern.edu/tech?id=kb_article_view&sysparm_article=KB000018541,2,1,1,IT Services | Administrative and Business | Student Information Systems | Student Hub,Introduction | View the final exam schedule,studenthub_kb.json,KB000018541.json
KB000018543,How do I create my profile on the Student Hub?,https://service.northeastern.edu/tech?id=kb_article_view&sysparm_article=KB000018543,7,6,3,IT Services | Administrative and Business | Student Information Systems | Student Hub,Introduction | Change profile picture | Verify basic information | Add or update information in My Stories | Add or update information in My Tags | Add or update My Interests | Add or update My Places,studenthub_kb.json,KB000018543.json
KB000018598,How do I resolve a Respondus error from copying over a Canvas course?,https://service.northeastern.edu/tech?id=kb_article_view&sysparm_article=KB000018598,1,0,1,IT Services | Teaching and Learning Technology - Respondus,Introduction,canvas_kb.json,KB000018598.json
KB000018706,How do I prepare to take a quiz or exam in Canvas?,https://service.northeastern.edu/tech?id=kb_article_view&sysparm_article=KB000018706,4,0,7,IT Services | Teaching and Learning Technology - Canvas - Assessments and Assignments,Introduction | Prepare for the exam | Exams using Respondus Lockdown Browser | Exam troubleshooting,canvas_kb.json,KB000018706.json
KB000018766,How do I access Student/Employee Hub resources?,https://service.northeastern.edu/tech?id=kb_article_view&sysparm_article=KB000018766,2,1,2,IT Services | Administrative and Business | Student Information Systems | Student Hub,Introduction | Access resources,studenthub_kb.json,KB000018766.json
KB000018772,How do I allow students or staff to complete a self-check using Turnitin?,https://service.northeastern.edu/tech?id=kb_article_view&sysparm_article=KB000018772,1,0,6,IT Services | Teaching and Learning Technology - Turnitin,Introduction,canvas_kb.json,KB000018772.json
KB000018773,How do I create a Turnitin graded assignment that allows multiple submissions?,https://service.northeastern.edu/tech?id=kb_article_view&sysparm_article=KB000018773,1,0,10,IT Services | Teaching and Learning Technology - Turnitin,Introduction,canvas_kb.json,KB000018773.json
KB000018826,How do I view and resolve holds and blocks on Student Hub?,https://service.northeastern.edu/tech?id=kb_article_view&sysparm_article=KB000018826,3,2,2,IT Services | Administrative and Business | Student Information Systems | Student Hub,Introduction | View blocks and holds | Resolve blocks and holds,studenthub_kb.json,KB000018826.json
KB000018930,What is a digital poster assignment?,https://service.northeastern.edu/tech?id=kb_article_view&sysparm_article=KB000018930,18,0,37,IT Services | Teaching and Learning Technology | Canvas | Assessments and Assignments,Introduction | Digital presentation tools | Digital tools for asynchronous format | Digital tools for synchronous format | Assignment design and delivery options | Virtual poster sessions | Lightning Talks | Student resources,canvas_kb.json,KB000018930.json
KB000018970,What are the best practices for recording videos for teaching?,https://service.northeastern.edu/tech?id=kb_article_view&sysparm_article=KB000018970,7,0,12,IT Services | Teaching and Learning Technology - Canvas - Getting Started,What are the best practices for recording videos for teaching? | Audio | Narrated lecture | Screen capture | Video | Visual content | Resources; Links,canvas_kb.json,KB000018970.json
KB000019186,How do I update my personal email address and cell phone number in the Student Hub?,https://service.northeastern.edu/tech?id=kb_article_view&sysparm_article=KB000019186,2,1,1,IT Services | Administrative and Business | Student Information Systems | Student Hub,Introduction | Update personal email address and cell phone number,studenthub_kb.json,KB000019186.json
KB000019247,How do I allow individual students to resubmit an assignment after the deadline?,https://service.northeastern.edu/tech?id=kb_article_view&sysparm_article=KB000019247,2,0,2,IT Services | Teaching and Learning Technology - Canvas - Assessments and Assignments,Introduction | Allow resubmission,canvas_kb.json,KB000019247.json
KB000019268,How do I view a log of student quiz participation in Canvas?,https://service.northeastern.edu/tech?id=kb_article_view&sysparm_article=KB000019268,4,0,4,IT Services | Teaching and Learning Technology | Canvas | Assessments and Assignments,Introduction | View quiz log results | Example session | Resources,canvas_kb.json,KB000019268.json
KB000019332,How do I set my Canvas Course Time Zone?,https://service.northeastern.edu/tech?id=kb_article_view&sysparm_article=KB000019332,2,0,2,IT Services | Teaching and Learning Technology - Canvas - Getting Started,How do I set my Canvas Course Time Zone? | Set the Course Time Zone; Step 1,canvas_kb.json,KB000019332.json
KB000019357,How do I copy a Classic Quiz question bank to another course in Canvas?,https://service.northeastern.edu/tech?id=kb_article_view&sysparm_article=KB000019357,4,0,4,IT Services | Teaching and Learning Technology - Canvas - Assessments and Assignments,Introduction | Add questions from a question bank into quizzes. | Import a question bank from another course | Add questions from a question bank into quizzes,canvas_kb.json,KB000019357.json
KB000019386,How do I assign group assignments in Canvas?,https://service.northeastern.edu/tech?id=kb_article_view&sysparm_article=KB000019386,6,0,2,IT Services | Teaching and Learning Technology | Canvas | Assessments and Assignments,Introduction | Create a graded group assignment | see How do I create Groups in Canvas? for more information. | Create a group assignment that is graded individually | see How do I create Groups in Canvas? for more details. | Change a graded group assignment to an individual assignment,canvas_kb.json,KB000019386.json
KB000019402,How do I connect to NUwave on Chromebook?,https://service.northeastern.edu/tech?id=kb_article_view&sysparm_article=KB000019402,2,1,0,Infrastructure | Network and Connectivity Management | Wireless Networks,Introduction | Connect to NUwave on Chromebook,wifi_kb.json,KB000019402.json
KB000019625,What are the survey tools available to me as an instructor?,https://service.northeastern.edu/tech?id=kb_article_view&sysparm_article=KB000019625,6,0,9,IT Services | Teaching and Learning Technology | Canvas | Assessments and Assignments,Introduction | Survey tool comparison matrix | Canvas Survey in Quizzes | Microsoft Polls | Poll Everywhere | Qualtrics,canvas_kb.json,KB000019625.json
KB000019747,What are Canvas Outcomes?,https://service.northeastern.edu/tech?id=kb_article_view&sysparm_article=KB000019747,2,0,4,IT Services | Teaching and Learning Technology | Canvas | Assessments and Assignments,Introduction | Canvas Outcomes is not recommended,canvas_kb.json,KB000019747.json
KB000020085,What is Wolfram Alpha Pro?,https://service.northeastern.edu/tech?id=kb_article_view&sysparm_article=KB000020085,1,0,9,IT Services | Desktop and Mobile Computing | Software and Application Distribution | Statistical and Computational,Introduction,software_kb.json,KB000020085.json
KB000021646,How do I fix installation error for NVIVO 14 on Mac?,https://service.northeastern.edu/tech?id=kb_article_view&sysparm_article=KB000021646,1,1,1,IT Services | Desktop and Mobile Computing - Software and Application Distribution - Statistical and Computational,Introduction,software_kb.json,KB000021646.json
KB000021992,How do I set up passwordless authentication using Authenticator?,https://service.northeastern.edu/tech?id=kb_article_view&sysparm_article=KB000021992,3,3,3,IT Services | Accounts and Access | Northeastern Account Access | Multi-Factor Authentication (MFA),Set up the Microsoft Authenticator app | Enable phone sign-in | Test Microsoft Authenticator,mfa_kb.json,KB000021992.json
KB000022111,How do I create an assignment in Canvas using Lucid?,https://service.northeastern.edu/tech?id=kb_article_view&sysparm_article=KB000022111,1,1,2,IT Services | Teaching and Learning Technology | Canvas | Assessments and Assignments,Introduction,canvas_kb.json,KB000022111.json
KB000022112,How do I fix the Local Computer error on SPSS on macOS?,https://service.northeastern.edu/tech?id=kb_article_view&sysparm_article=KB000022112,1,1,2,IT Services | Desktop and Mobile Computing | Software and Application Distribution | Statistical and Computational,Introduction,software_kb.json,KB000022112.json
KB000022113,How do I submit an assignment in Canvas using Lucid?,https://service.northeastern.edu/tech?id=kb_article_view&sysparm_article=KB000022113,1,0,0,IT Services | Teaching and Learning Technology - Canvas - Assessments and Assignments,Introduction,canvas_kb.json,KB000022113.json
KB000022341,How do I enable an external tool in a Canvas assignment?,https://service.northeastern.edu/tech?id=kb_article_view&sysparm_article=KB000022341,1,0,1,IT Services | Teaching and Learning Technology - Canvas - Getting Started,Configure external tool submissions,canvas_kb.json,KB000022341.json
KB000022414,How do I add an external tool in a Canvas Module?,https://service.northeastern.edu/tech?id=kb_article_view&sysparm_article=KB000022414,1,0,1,IT Services | Teaching and Learning Technology - Canvas - Getting Started,Introduction,canvas_kb.json,KB000022414.json
KB0012455,How do I change the username on my Northeastern student account?,https://service.northeastern.edu/tech?id=kb_article_view&sysparm_article=KB0012455,3,3,3,IT Services | Accounts and Access - Northeastern Account Settings,Introduction | Update the official name through the Office of the Registrar | Request Northeastern username change,account_and_access_kb.json,KB0012455.json
KB0012457,How do I reset my forgotten Northeastern account password?,https://service.northeastern.edu/tech?id=kb_article_view&sysparm_article=KB0012457,1,1,2,IT Services | Accounts and Access - Northeastern Account Settings,Reset your forgotten Northeastern password,account_and_access_kb.json,KB0012457.json
KB0012505,How do I connect to NUwave on Windows?,https://service.northeastern.edu/tech?id=kb_article_view&sysparm_article=KB0012505,2,1,0,IT Services | Infrastructure - Network and Connectivity Management - Wireless Networks,Introduction | Connect to NUwave on Windows,wifi_kb.json,KB0012505.json
KB0012523,What is NUwave-guest?,https://service.northeastern.edu/tech?id=kb_article_view&sysparm_article=KB0012523,4,2,4,IT Services | Infrastructure - Network and Connectivity Management - Wireless Networks,Introduction | Limitations | Locations | Help,wifi_kb.json,KB0012523.json
KB0012541,How do I access Abaqus?,https://service.northeastern.edu/tech?id=kb_article_view&sysparm_article=KB0012541,3,1,2,College of Engineering | Software,Introduction | Download Abaqus | Help,software_kb.json,KB0012541.json
KB0012544,How do I access ArcGIS?,https://service.northeastern.edu/tech?id=kb_article_view&sysparm_article=KB0012544,1,0,9,IT Services | Desktop and Mobile Computing - Software and Application Distribution - Statistical and Computational,Introduction,software_kb.json,KB0012544.json
KB0012562,"How do I access Mathematica, Mathematica Online, and Wolfram Alpha Pro software?",https://service.northeastern.edu/tech?id=kb_article_view&sysparm_article=KB0012562,1,0,9,IT Services | Desktop and Mobile Computing | Software and Application Distribution | Statistical and Computational,Introduction,software_kb.json,KB0012562.json
KB0012582,How do I update my MATLAB license?,https://service.northeastern.edu/tech?id=kb_article_view&sysparm_article=KB0012582,1,1,2,IT Services | Desktop and Mobile Computing | Software and Application Distribution | Statistical and Computational,Introduction,software_kb.json,KB0012582.json
KB0012594,How do I access SPSS Statistics and Modeler?,https://service.northeastern.edu/tech?id=kb_article_view&sysparm_article=KB0012594,1,0,7,IT Services | Desktop and Mobile Computing | Software and Application Distribution | Statistical and Computational,Introduction,software_kb.json,KB0012594.json
KB0012610,How do I find my NUID number?,https://service.northeastern.edu/tech?id=kb_article_view&sysparm_article=KB0012610,2,1,3,IT Services | Accounts and Access - Northeastern Account Settings,Introduction | Find your NUID,account_and_access_kb.json,KB0012610.json
KB0012646,How do I access ChemDraw?,https://service.northeastern.edu/tech?id=kb_article_view&sysparm_article=KB0012646,1,0,2,Desktop and Mobile Computing | Software and Application Distribution | Other Applications,Introduction,software_kb.json,KB0012646.json
KB0012649,How do I enroll in Duo multi-factor authentication (MFA)?,https://service.northeastern.edu/tech?id=kb_article_view&sysparm_article=KB0012649,3,1,4,IT Services | Accounts and Access | Northeastern Account Access | Multi-Factor Authentication (MFA),Introduction | Enroll in MFA | Note,mfa_kb.json,KB0012649.json
KB0012666,How do I access AutoCAD?,https://service.northeastern.edu/tech?id=kb_article_view&sysparm_article=KB0012666,1,0,2,IT Services | Desktop and Mobile Computing | Software and Application Distribution | Other Applications,Introduction,software_kb.json,KB0012666.json
KB0012760,How do I register for individual NUwave-guest access?,https://service.northeastern.edu/tech?id=kb_article_view&sysparm_article=KB0012760,2,1,2,IT Services | Infrastructure - Network and Connectivity Management - Wireless Networks - Guest,Introduction | Register for access,wifi_kb.json,KB0012760.json
KB0013122,How do I connect to the Internet?,https://service.northeastern.edu/tech?id=kb_article_view&sysparm_article=KB0013122,7,0,8,IT Services | Infrastructure - Network and Connectivity Management - Wireless Networks,Wireless networks | NUwave | NUwave-guest | NURes-Device | Wired networks | ResNet | NUnet,wifi_kb.json,KB0013122.json
KB0013126,How do I register a device on NURes-device?,https://service.northeastern.edu/tech?id=kb_article_view&sysparm_article=KB0013126,2,1,3,IT Services | Infrastructure - Network and Connectivity Management - Wireless Networks,Introduction | Register your device,wifi_kb.json,KB0013126.json
KB0013407,How do I connect to NUwave on Linux?,https://service.northeastern.edu/tech?id=kb_article_view&sysparm_article=KB0013407,4,3,0,IT Services | Desktop and Mobile Computing - Desktop and Mobile Device Support - Linux,Introduction | Connect to NUwave on Linux | Update network settings and wpa_supplicant | Configure with iwd (Intel Wireless Daemon),wifi_kb.json,KB0013407.json
KB0013701,How do I connect to NUwave on an iPhone?,https://service.northeastern.edu/tech?id=kb_article_view&sysparm_article=KB0013701,3,2,2,Infrastructure | Network and Connectivity Management | Wireless Networks,Connect to NUwave on iPhone | Troubleshooting | Help,wifi_kb.json,KB0013701.json
KB0013789,How do I change my faculty/staff username?,https://service.northeastern.edu/tech?id=kb_article_view&sysparm_article=KB0013789,2,2,4,IT Services | Accounts and Access - Northeastern Account Settings,"Introduction | Change legal, preferred, or chosen name",account_and_access_kb.json,KB0013789.json
KB0013799,How do I install VPN on Windows?,https://service.northeastern.edu/tech?id=kb_article_view&sysparm_article=KB0013799,4,0,3,IT Services | Infrastructure - Network and Connectivity Management - Remote Access/VPN,Introduction | Northeastern-managed computer | Personal computer | Without administrator credentials,vpn_kb.json,KB0013799.json
KB0013800,How do I Install VPN on a Mac?,https://service.northeastern.edu/tech?id=kb_article_view&sysparm_article=KB0013800,1,1,4,IT Services | Infrastructure - Network and Connectivity Management - Remote Access/VPN,Introduction,vpn_kb.json,KB0013800.json
KB0013802,How do I access Microsoft Azure Dev Tools for Teaching?,https://service.northeastern.edu/tech?id=kb_article_view&sysparm_article=KB0013802,1,0,2,IT Services | Desktop and Mobile Computing - Software and Application Distribution - Statistical and Computational,Introduction,software_kb.json,KB0013802.json
KB0013814,How do I connect to NUwave on an Android?,https://service.northeastern.edu/tech?id=kb_article_view&sysparm_article=KB0013814,2,1,1,IT Services | Infrastructure - Network and Connectivity Management - Wireless Networks,Introduction | Connect to NUwave on Android,wifi_kb.json,KB0013814.json
KB0013910,How do I set up and connect to VPN on an Android device?,https://service.northeastern.edu/tech?id=kb_article_view&sysparm_article=KB0013910,5,3,2,IT Services | Infrastructure - Network and Connectivity Management - Remote Access/VPN,Introduction | Requirements | Install GlobalProtect | Connect to VPN | Disconnect from VPN,vpn_kb.json,KB0013910.json
KB0013912,How do I set up and connect to VPN on iOS devices?,https://service.northeastern.edu/tech?id=kb_article_view&sysparm_article=KB0013912,8,0,3,IT Services | Infrastructure - Network and Connectivity Management - Remote Access/VPN,Introduction | Requirements for VPN | Initial setup - Download and install the GlobalProtect app | Initial setup - Enter the portal address | Initial setup - Add to configuration | Initial setup - Sign in | Subsequent connection | Disconnect VPN,vpn_kb.json,KB0013912.json
KB0013914,How do I update the GlobalProtect VPN client on Windows?,https://service.northeastern.edu/tech?id=kb_article_view&sysparm_article=KB0013914,7,2,3,IT Services | Infrastructure - Network and Connectivity Management - Remote Access/VPN,Introduction | Heading | Text | Steps | Heading | Text | Steps,vpn_kb.json,KB0013914.json
KB0013916,How do I update the GlobalProtect VPN client on a Mac?,https://service.northeastern.edu/tech?id=kb_article_view&sysparm_article=KB0013916,2,0,0,IT Services | Infrastructure - Network and Connectivity Management - Remote Access/VPN,Introduction | Update GlobalProtect | Note,vpn_kb.json,KB0013916.json
KB0013933,What is eduroam?,https://service.northeastern.edu/tech?id=kb_article_view&sysparm_article=KB0013933,5,0,4,IT Services | Infrastructure - Network and Connectivity Management - Wireless Networks,Introduction | Access | Participating locations | Northeastern visitors | Help,wifi_kb.json,KB0013933.json
KB0013939,FAQ: NUwave-guest access,https://service.northeastern.edu/tech?id=kb_article_view&sysparm_article=KB0013939,5,1,4,IT Services | Infrastructure - Network and Connectivity Management - Wireless Networks - Guest,"What is required to register for temporary access to NUwave-guest? | How long is the access period for NUwave-guest? | How many devices can I register? | Can I register access to NUwave-guest for conference or event guests ahead of time? | How does a visiting scholar, researcher, lecturer, contractor, or longer-term guest access the network?",wifi_kb.json,KB0013939.json
KB0013940,How do I connect to NUwave-guest with a conference code?,https://service.northeastern.edu/tech?id=kb_article_view&sysparm_article=KB0013940,2,1,1,IT Services | Infrastructure - Network and Connectivity Management - Wireless Networks - Guest,Introduction | Connect to NUwave-guest,wifi_kb.json,KB0013940.json
KB0013941,How do I connect to NUwave-guest with a username and password?,https://service.northeastern.edu/tech?id=kb_article_view&sysparm_article=KB0013941,2,1,2,IT Services | Infrastructure - Network and Connectivity Management | Wireless Networks | Guest,Introduction | Connect to NUwave-guest,wifi_kb.json,KB0013941.json
KB0013983,FAQ: VPN and remote access,https://service.northeastern.edu/tech?id=kb_article_view&sysparm_article=KB0013983,13,4,15,IT Services | Infrastructure - Network and Connectivity Management - Remote Access/VPN,Introduction | What is a virtual private network (VPN)? | Who can use the VPN? | What is GlobalProtect? | How do I install GlobalProtect? | What are the requirements to use the VPN? | How do I connect to VPN? | How do I disconnect from VPN?,vpn_kb.json,KB0013983.json
KB0013990,How do I access think-cell software?,https://service.northeastern.edu/tech?id=kb_article_view&sysparm_article=KB0013990,1,0,7,Desktop and Mobile Computing | Software and Application Distribution | Other Applications,Introduction,software_kb.json,KB0013990.json
KB0014060,How do I access MATLAB?,https://service.northeastern.edu/tech?id=kb_article_view&sysparm_article=KB0014060,1,1,1,IT Services | Desktop and Mobile Computing | Software and Application Distribution | Statistical and Computational,Introduction,software_kb.json,KB0014060.json
KB0014172,What is Turnitin?,https://service.northeastern.edu/tech?id=kb_article_view&sysparm_article=KB0014172,1,0,13,IT Services | Teaching and Learning Technology - Turnitin,Introduction,canvas_kb.json,KB0014172.json
KB0014197,What is Qwickly Attendance?,https://service.northeastern.edu/tech?id=kb_article_view&sysparm_article=KB0014197,4,0,8,IT Services | Teaching and Learning Technology - Qwickly,Introduction | Features | Get Started | Support and resources,canvas_kb.json,KB0014197.json
KB0014205,What is Respondus Lockdown Browser and Monitor?,https://service.northeastern.edu/tech?id=kb_article_view&sysparm_article=KB0014205,1,0,11,IT Services | Teaching and Learning Technology - Respondus,Introduction,canvas_kb.json,KB0014205.json
KB0014212,"How do I download LabVIEW, Multisim & Ultiboard?",https://service.northeastern.edu/tech?id=kb_article_view&sysparm_article=KB0014212,1,1,3,IT Services | Desktop and Mobile Computing - Software and Application Distribution - Statistical and Computational,Introduction,software_kb.json,KB0014212.json
KB0014239,How do I view a rubric or rubric scorecard in Turnitin?,https://service.northeastern.edu/tech?id=kb_article_view&sysparm_article=KB0014239,1,0,0,IT Services | Teaching and Learning Technology - Turnitin,Introduction,canvas_kb.json,KB0014239.json
KB0014244,How do I add a Turnitin assignment to my Canvas course?,https://service.northeastern.edu/tech?id=kb_article_view&sysparm_article=KB0014244,1,0,4,IT Services | Teaching and Learning Technology - Turnitin,Introduction,canvas_kb.json,KB0014244.json
KB0014253,How do I use Turnitin's quick submit as a faculty?,https://service.northeastern.edu/tech?id=kb_article_view&sysparm_article=KB0014253,1,1,7,IT Services | Teaching and Learning Technology - Turnitin,Introduction,canvas_kb.json,KB0014253.json
KB0014282,How can I configure Duo to remember me for 30 days?,https://service.northeastern.edu/tech?id=kb_article_view&sysparm_article=KB0014282,6,5,3,IT Services | Accounts and Access | Northeastern Account Access | Multi-Factor Authentication (MFA),"Introduction | Authorize access for 30 days | Safari on Mac | Safari on iOS | Microsoft Edge | Chrome, Firefox, and Opera",mfa_kb.json,KB0014282.json
KB0014305,How do I use Duo when traveling internationally?,https://service.northeastern.edu/tech?id=kb_article_view&sysparm_article=KB0014305,10,5,7,IT Services | Accounts and Access | Northeastern Account Access | Multi-Factor Authentication (MFA),Use your current phone/device abroad | Passcodes on the Duo Mobile app | Duo Mobile verified push | Call | Passcodes via text | Register a new device | Remember the 30-day option | Email clients,mfa_kb.json,KB0014305.json
KB0014335,How do I set account time zones in Canvas?,https://service.northeastern.edu/tech?id=kb_article_view&sysparm_article=KB0014335,2,0,3,IT Services | Teaching and Learning Technology - Canvas - Getting Started,Introduction | Set time zone,canvas_kb.json,KB0014335.json
KB0014369,How do I access my Canvas courses as a student?,https://service.northeastern.edu/tech?id=kb_article_view&sysparm_article=KB0014369,2,0,5,IT Services | Teaching and Learning Technology - Canvas - Getting Started,Introduction | Access your Canvas course(s),canvas_kb.json,KB0014369.json
KB0014376,How do I log in to Canvas on a mobile device?,https://service.northeastern.edu/tech?id=kb_article_view&sysparm_article=KB0014376,3,2,9,Teaching and Learning Technology - Canvas - Getting Started,How do I log in to Canvas on a mobile device? | Log in to Canvas Student | Log in to Canvas Teacher,canvas_kb.json,KB0014376.json
KB0014393,How do I import a rubric from Excel into Canvas?,https://service.northeastern.edu/tech?id=kb_article_view&sysparm_article=KB0014393,3,0,1,IT Services | Teaching and Learning Technology - Canvas - Assessments and Assignments,Introduction | Create a simple block rubric in Excel | Import your rubric in Canvas,canvas_kb.json,KB0014393.json
KB0014436,"How do I resolve blocked Duo prompts in macOS, iPadOS, and iOS?",https://service.northeastern.edu/tech?id=kb_article_view&sysparm_article=KB0014436,2,2,0,IT Services | Accounts and Access - Northeastern Account Access - Multi-Factor Authentication (MFA),Disable content restrictions on iOS and iPad | Disable content restrictions on a Mac,mfa_kb.json,KB0014436.json
KB0014476,How do I use Respondus LockDown Browser and Monitor to proctor exams?,https://service.northeastern.edu/tech?id=kb_article_view&sysparm_article=KB0014476,1,0,22,IT Services | Teaching and Learning Technology - Respondus,Introduction,canvas_kb.json,KB0014476.json
KB0014477,How do I take a test using Respondus LockDown Browser and Monitor?,https://service.northeastern.edu/tech?id=kb_article_view&sysparm_article=KB0014477,1,0,7,IT Services | Teaching and Learning Technology - Respondus,Introduction,canvas_kb.json,KB0014477.json
KB0014527,How do I set a quiz time limit and availability window in Canvas?,https://service.northeastern.edu/tech?id=kb_article_view&sysparm_article=KB0014527,4,0,4,IT Services | Teaching and Learning Technology - Canvas - Assessments and Assignments,Introduction | Set quiz time limit | Set quiz availability window | Notifications to students in quizzes,canvas_kb.json,KB0014527.json
KB0014530,How do I give students more time on a Canvas quiz?,https://service.northeastern.edu/tech?id=kb_article_view&sysparm_article=KB0014530,3,0,4,IT Services | Teaching and Learning Technology - Canvas - Assessments and Assignments,Introduction | Award extra time | Vary extra time for students/groups,canvas_kb.json,KB0014530.json
KB0014565,What is Canvas Learning Management System?,https://service.northeastern.edu/tech?id=kb_article_view&sysparm_article=KB0014565,7,0,29,IT Services | Teaching and Learning Technology - Canvas - Getting Started,Introduction | Access Canvas | Get started | Canvas course anatomy | Accessibility | Technology used | Support and training,canvas_kb.json,KB0014565.json
KB0014579,How do I access my Canvas course as an instructor?,https://service.northeastern.edu/tech?id=kb_article_view&sysparm_article=KB0014579,2,0,4,Teaching and Learning Technology | Canvas | Getting Started,Introduction | Access course,canvas_kb.json,KB0014579.json
KB0014582,How do I send messages to students on Canvas?,https://service.northeastern.edu/tech?id=kb_article_view&sysparm_article=KB0014582,2,0,4,IT Services | Teaching and Learning Technology | Canvas | Course Communication,Introduction | Send a message on Canvas,canvas_kb.json,KB0014582.json
KB0014585,How do I create and grade an assignment in Canvas?,https://service.northeastern.edu/tech?id=kb_article_view&sysparm_article=KB0014585,5,0,6,IT Services | Teaching and Learning Technology - Canvas - Assessments and Assignments,Introduction | Create an assignment | Add an assignment to a module | Assign Weights to Gradebook | Grade an assignment,canvas_kb.json,KB0014585.json
KB0014587,How do I create and grade a quiz in Canvas?,https://service.northeastern.edu/tech?id=kb_article_view&sysparm_article=KB0014587,6,0,7,IT Services | Teaching and Learning Technology | Canvas | Assessments and Assignments,Introduction | Create a quiz | Add questions to a quiz | Manage quiz settings | Add a quiz to a module | Manually grade a quiz,canvas_kb.json,KB0014587.json
KB0014594,How do I personalize teaching and learning in Canvas?,https://service.northeastern.edu/tech?id=kb_article_view&sysparm_article=KB0014594,1,0,10,IT Services | Teaching and Learning Technology - Canvas - Getting Started,Introduction,canvas_kb.json,KB0014594.json
KB0014597,How do I (faculty) set the stage for learning in Canvas?,https://service.northeastern.edu/tech?id=kb_article_view&sysparm_article=KB0014597,10,0,20,Teaching and Learning Technology - Canvas - Getting Started,Introduction | Section | Section | Section | Section | Section | Section | Section,canvas_kb.json,KB0014597.json
KB0014602,How do I send an announcement to students through Canvas?,https://service.northeastern.edu/tech?id=kb_article_view&sysparm_article=KB0014602,2,0,2,IT Services | Teaching and Learning Technology | Canvas | Course Communication,Introduction | Create announcements,canvas_kb.json,KB0014602.json
KB0014955,How do I fix a refused to connect error in Canvas?,https://service.northeastern.edu/tech?id=kb_article_view&sysparm_article=KB0014955,4,0,0,IT Services | Teaching and Learning Technology - Canvas - Getting Started,Introduction | Load external links in a new tab | External tool | External items in a module,canvas_kb.json,KB0014955.json
KB0015051,How do I change the course name in my Canvas course card list?,https://service.northeastern.edu/tech?id=kb_article_view&sysparm_article=KB0015051,2,0,1,IT Services | Teaching and Learning Technology - Canvas - Getting Started,How do I change the course name in my Canvas course card list? | Create a nickname; Step,canvas_kb.json,KB0015051.json
KB0015064,How do I sync Canvas calendar to Outlook?,https://service.northeastern.edu/tech?id=kb_article_view&sysparm_article=KB0015064,1,1,1,IT Services | Teaching and Learning Technology - Canvas - Getting Started,Introduction,canvas_kb.json,KB0015064.json
KB0015065,FAQ: Canvas time zone settings,https://service.northeastern.edu/tech?id=kb_article_view&sysparm_article=KB0015065,11,0,12,IT Services | Teaching and Learning Technology - Canvas - Getting Started,FAQ: Canvas time zone settings | Table of contents; Links | Can I set a time zone for courses? | How do I manage multiple time zones in Canvas courses? | How do I choose due dates and times? | Can I excuse late work in the Canvas Gradebook? | Should I limit synchronous assignments and activities? | How do I utilize module features to control the pace of the course?,canvas_kb.json,KB0015065.json
KB0015123,How do I submit an assignment directly to Turnitin as an Instructors?,https://service.northeastern.edu/tech?id=kb_article_view&sysparm_article=KB0015123,1,0,0,IT Services | Teaching and Learning Technology - Turnitin,Introduction,canvas_kb.json,KB0015123.json
KB0015124,How do I customize my applications on the Student/Employee Hub?,https://service.northeastern.edu/tech?id=kb_article_view&sysparm_article=KB0015124,2,1,5,IT Services | Administrative and Business - Student Information Systems - Student Hub,Introduction | Customize your applications,studenthub_kb.json,KB0015124.json
KB0015126,How do I sync personal and academic calendars on the Student Hub?,https://service.northeastern.edu/tech?id=kb_article_view&sysparm_article=KB0015126,2,1,4,Student Hub,Introduction | Sync calendars on the Student Hub,studenthub_kb.json,KB0015126.json
KB0015130,How do I update my Student/Employee Hub password and picture?,https://service.northeastern.edu/tech?id=kb_article_view&sysparm_article=KB0015130,3,2,3,IT Services | Administrative and Business | Student Information Systems | Student Hub,Introduction | Update password | Update profile picture,studenthub_kb.json,KB0015130.json
KB0015142,How do I import Canvas course content into another Canvas shell?,https://service.northeastern.edu/tech?id=kb_article_view&sysparm_article=KB0015142,5,1,12,IT Services | Teaching and Learning Technology - Canvas - Getting Started,How do I import Canvas course content into another Canvas shell? | Table of Contents; Links | Import course content | Additional resources | Help; Links,canvas_kb.json,KB0015142.json
KB0015162,How do I manage my Duo account and trusted devices?,https://service.northeastern.edu/tech?id=kb_article_view&sysparm_article=KB0015162,4,2,11,IT Services | Accounts and Access | Northeastern Account Access | Multi-Factor Authentication (MFA),Register a mobile device | Register a landline | Use Touch ID for MFA on macOS | Register a token for MFA,mfa_kb.json,KB0015162.json
KB0015163,How do I set up Touch ID with Duo multi-factor authentication (MFA) on a Mac?,https://service.northeastern.edu/tech?id=kb_article_view&sysparm_article=KB0015163,4,4,8,Accounts and Access | Northeastern Account Access | Multi-Factor Authentication (MFA),Touch ID requirements | Add Touch ID as a new authentication device | Log in using Touch ID | Resource,mfa_kb.json,KB0015163.json
KB0015181,"How do I teach a virtual lesson if I lose access to Canvas, Microsoft Teams, or Zoom?",https://service.northeastern.edu/tech?id=kb_article_view&sysparm_article=KB0015181,4,0,5,IT Services | Teaching and Learning Technology - Canvas - Getting Started,Introduction | Launch a Teams meeting outside of Canvas | Launch a Zoom meeting outside of Canvas | Asynchronous alternatives,canvas_kb.json,KB0015181.json
KB0015209,How do I update my Duo enrollment when I get a new phone?,https://service.northeastern.edu/tech?id=kb_article_view&sysparm_article=KB0015209,3,3,3,IT Services | Accounts and Access | Northeastern Account Access | Multi-Factor Authentication (MFA),If you kept the same phone number | If your phone number changed | If you need help,mfa_kb.json,KB0015209.json
KB0015240,How do I send messages through the Canvas mobile app?,https://service.northeastern.edu/tech?id=kb_article_view&sysparm_article=KB0015240,2,0,1,IT Services | Teaching and Learning Technology | Canvas | Course Communication,Introduction | Send an email in the mobile app,canvas_kb.json,KB0015240.json
KB0015243,How do I design an effective online exam that promotes academic integrity?,https://service.northeastern.edu/tech?id=kb_article_view&sysparm_article=KB0015243,4,0,11,IT Services | Teaching and Learning Technology - Canvas - Assessments and Assignments,Introduction | Design an effective online exam | Ensure exam security and promote honesty | Resources for alternative assessment design,canvas_kb.json,KB0015243.json
